inicio,Name,Tipo/0,Tipo/1,Level,fin,Condicion
001,Bulbasaur,Grass,Poison,16,002,
002,Ivysaur,Grass,Poison,32,003,
003,Venusaur,Grass,Poison,,,
004,Charmander,Fire,,16,005,
005,Charmeleon,Fire,,36,006,
006,Charizard,Fire,Flying,,,
007,Squirtle,Water,,16,008,
008,Wartortle,Water,,36,009,
009,Blastoise,Water,,,,
010,Caterpie,Bug,,7,011,
011,Metapod,Bug,,10,012,
012,Butterfree,Bug,Flying,,,
013,Weedle,Bug,Poison,7,014,
014,Kakuna,Bug,Poison,10,015,
015,Beedrill,Bug,Poison,,,
016,Pidgey,Normal,Flying,18,017,
017,Pidgeotto,Normal,Flying,36,018,
018,Pidgeot,Normal,Flying,,,
019,Rattata,Normal,,20,020,
020,Raticate,Normal,,,,
019,Rattata,Dark,Normal,,,
020,Raticate,Dark,Normal,,,
021,Spearow,Normal,Flying,20,022,
022,Fearow,Normal,Flying,,,
023,Ekans,Poison,,22,024,
024,Arbok,Poison,,,,
172,Pichu,Electric,,,025,
025,Pikachu,Electric,,,026,"Thunder Stone, outside Alola"
026,Raichu,Electric,,,026,"Thunder Stone, in Alola"
026,Raichu,Electric,Psychic,,,
027,Sandshrew,Ground,,22,028,
028,Sandslash,Ground,,,,
027,Sandshrew,Ice,Steel,,,
028,Sandslash,Ice,Steel,,,
029,Nidoran♀,Poison,,16,030,
030,Nidorina,Poison,,,031,Moon Stone
031,Nidoqueen,Poison,Ground,,,
032,Nidoran♂,Poison,,16,033,
033,Nidorino,Poison,,,034,Moon Stone
034,Nidoking,Poison,Ground,,,
173,Cleffa,Fairy,,,035,
035,Clefairy,Fairy,,,036,Moon Stone
036,Clefable,Fairy,,,,
037,Vulpix,Fire,,,038,Fire Stone
038,Ninetales,Fire,,,,
037,Vulpix,Ice,,,,
038,Ninetales,Ice,Fairy,,,
174,Igglybuff,Normal,Fairy,,039,
039,Jigglypuff,Normal,Fairy,,040,Moon Stone
040,Wigglytuff,Normal,Fairy,,,
041,Zubat,Poison,Flying,22,042,
042,Golbat,Poison,Flying,,169,
169,Crobat,Poison,Flying,,,
043,Oddish,Grass,Poison,21,044,
044,Gloom,Grass,Poison,,045,Leaf Stone
045,Vileplume,Grass,Poison,,182,Sun Stone
182,Bellossom,Grass,,,,
046,Paras,Bug,Grass,24,047,
047,Parasect,Bug,Grass,,,
048,Venonat,Bug,Poison,31,049,
049,Venomoth,Bug,Poison,,,
050,Diglett,Ground,,26,051,
051,Dugtrio,Ground,,,,
050,Diglett,Ground,Steel,,,
051,Dugtrio,Ground,Steel,,,
052,Meowth,Normal,,28,053,
053,Persian,Normal,,,,
052,Meowth,Dark,,,,
053,Persian,Dark,,,052,
052,Meowth,Steel,,,,
863,Perrserker,Steel,,,,
054,Psyduck,Water,,33,055,
055,Golduck,Water,,,,
056,Mankey,Fighting,,28,057,
057,Primeape,Fighting,,,,
058,Growlithe,Fire,,,059,Fire Stone
059,Arcanine,Fire,,,,
060,Poliwag,Water,,25,061,
061,Poliwhirl,Water,,,062,Water Stone
062,Poliwrath,Water,Fighting,,186,
186,Politoed,Water,,,,
063,Abra,Psychic,,16,064,
064,Kadabra,Psychic,,,065,
065,Alakazam,Psychic,,,,
066,Machop,Fighting,,28,067,
067,Machoke,Fighting,,,068,
068,Machamp,Fighting,,,,
069,Bellsprout,Grass,Poison,21,070,
070,Weepinbell,Grass,Poison,,071,Leaf Stone
071,Victreebel,Grass,Poison,,,
072,Tentacool,Water,Poison,30,073,
073,Tentacruel,Water,Poison,,,
074,Geodude,Rock,Ground,25,075,
075,Graveler,Rock,Ground,,076,
076,Golem,Rock,Ground,,,
074,Geodude,Rock,Electric,,,
075,Graveler,Rock,Electric,,,
076,Golem,Rock,Electric,,,
077,Ponyta,Fire,,40,078,
078,Rapidash,Fire,,,,
077,Ponyta,Psychic,,,,
078,Rapidash,Psychic,Fairy,,,
079,Slowpoke,Water,Psychic,37,080,
080,Slowbro,Water,Psychic,,199,
199,Slowking,Water,Psychic,,,
079,Slowpoke,Psychic,,,,
080,Slowbro,Poison,Psychic,,,
199,Slowking,Poison,Psychic,,,
081,Magnemite,Electric,Steel,30,082,
082,Magneton,Electric,Steel,,462,
462,Magnezone,Electric,Steel,,,
084,Doduo,Normal,Flying,31,085,
085,Dodrio,Normal,Flying,,,
086,Seel,Water,,34,087,
087,Dewgong,Water,Ice,,,
088,Grimer,Poison,,38,089,
089,Muk,Poison,,,,
088,Grimer,Poison,Dark,,,
089,Muk,Poison,Dark,,,
090,Shellder,Water,,,091,Water Stone
091,Cloyster,Water,Ice,,,
092,Gastly,Ghost,Poison,25,093,
093,Haunter,Ghost,Poison,,094,
094,Gengar,Ghost,Poison,,,
095,Onix,Rock,Ground,,208,
208,Steelix,Steel,Ground,,,
096,Drowzee,Psychic,,26,097,
097,Hypno,Psychic,,,,
098,Krabby,Water,,28,099,
099,Kingler,Water,,,,
100,Voltorb,Electric,,30,101,
101,Electrode,Electric,,,,
102,Exeggcute,Grass,Psychic,,103,"Leaf Stone, outside Alola"
103,Exeggutor,Grass,Psychic,,103,"Leaf Stone, in Alola"
103,Exeggutor,Grass,Dragon,,,
104,Cubone,Ground,,"28, outside Alola",105,
105,Marowak,Ground,,"28, Nighttime, in Alola",105,
105,Marowak,Fire,Ghost,,,
236,Tyrogue,Fighting,,"20, Attack > Defense",106,
106,Hitmonlee,Fighting,,"20, Attack < Defense ",107,
107,Hitmonchan,Fighting,,"20, Attack = Defense ",237,
237,Hitmontop,Fighting,,,,
108,Lickitung,Normal,,,463,
463,Lickilicky,Normal,,,,
109,Koffing,Poison,,35,110,
110,Weezing,Poison,,,,
109,Koffing,Poison,,"35, in Galar",110,
110,Weezing,Poison,Fairy,,,
111,Rhyhorn,Ground,Rock,42,112,
112,Rhydon,Ground,Rock,,464,
464,Rhyperior,Ground,Rock,,,
440,Happiny,Normal,,,113,
113,Chansey,Normal,,,242,
242,Blissey,Normal,,,,
114,Tangela,Grass,,,465,
465,Tangrowth,Grass,,,,
116,Horsea,Water,,32,117,
117,Seadra,Water,,,230,
230,Kingdra,Water,Dragon,,,
118,Goldeen,Water,,33,119,
119,Seaking,Water,,,,
120,Staryu,Water,,,121,Water Stone
121,Starmie,Water,Psychic,,,
439,Mime Jr.,Psychic,Fairy,,122,
122,Mr. Mime,Psychic,Fairy,,,
122,Mr. Mime,Ice,Psychic,,,
866,Mr. Rime,Ice,Psychic,,,
123,Scyther,Bug,Flying,,212,
212,Scizor,Bug,Steel,,,
238,Smoochum,Ice,Psychic,30,124,
124,Jynx,Ice,Psychic,,,
239,Elekid,Electric,,30,125,
125,Electabuzz,Electric,,,466,
466,Electivire,Electric,,,,
240,Magby,Fire,,30,126,
126,Magmar,Fire,,,467,
467,Magmortar,Fire,,,,
129,Magikarp,Water,,20,130,
130,Gyarados,Water,Flying,,,
133,Eevee,Normal,,,134,Water Stone
134,Vaporeon,Water,,,135,Thunder Stone
135,Jolteon,Electric,,,136,Fire Stone
136,Flareon,Fire,,,,
133,Eevee,Normal,,,196,
196,Espeon,Psychic,,,197,
197,Umbreon,Dark,,,,
133,Eevee,Normal,,,470,
470,Leafeon,Grass,,,471,
471,Glaceon,Ice,,,,
133,Eevee,Normal,,,700,
700,Sylveon,Fairy,,,,
137,Porygon,Normal,,,233,
233,Porygon2,Normal,,,474,
474,Porygon-Z,Normal,,,,
138,Omanyte,Rock,Water,40,139,
139,Omastar,Rock,Water,,,
140,Kabuto,Rock,Water,40,141,
141,Kabutops,Rock,Water,,,
446,Munchlax,Normal,,,143,
143,Snorlax,Normal,,,,
147,Dratini,Dragon,,30,148,
148,Dragonair,Dragon,,55,149,
149,Dragonite,Dragon,Flying,,,
152,Chikorita,Grass,,16,153,
153,Bayleef,Grass,,32,154,
154,Meganium,Grass,,,,
155,Cyndaquil,Fire,,14,156,
156,Quilava,Fire,,36,157,
157,Typhlosion,Fire,,,,
158,Totodile,Water,,18,159,
159,Croconaw,Water,,30,160,
160,Feraligatr,Water,,,,
161,Sentret,Normal,,15,162,
162,Furret,Normal,,,,
163,Hoothoot,Normal,Flying,20,164,
164,Noctowl,Normal,Flying,,,
165,Ledyba,Bug,Flying,18,166,
166,Ledian,Bug,Flying,,,
167,Spinarak,Bug,Poison,22,168,
168,Ariados,Bug,Poison,,,
170,Chinchou,Water,Electric,27,171,
171,Lanturn,Water,Electric,,,
175,Togepi,Fairy,,,176,
176,Togetic,Fairy,Flying,,468,Shiny Stone
468,Togekiss,Fairy,Flying,,,
177,Natu,Psychic,Flying,25,178,
178,Xatu,Psychic,Flying,,,
179,Mareep,Electric,,15,180,
180,Flaaffy,Electric,,30,181,
181,Ampharos,Electric,,,,
298,Azurill,Normal,Fairy,,183,
183,Marill,Water,Fairy,18,184,
184,Azumarill,Water,Fairy,,,
438,Bonsly,Rock,,,185,
185,Sudowoodo,Rock,,,,
187,Hoppip,Grass,Flying,18,188,
188,Skiploom,Grass,Flying,27,189,
189,Jumpluff,Grass,Flying,,,
190,Aipom,Normal,,,424,
424,Ambipom,Normal,,,,
191,Sunkern,Grass,,,192,Sun Stone
192,Sunflora,Grass,,,,
193,Yanma,Bug,Flying,,469,
469,Yanmega,Bug,Flying,,,
194,Wooper,Water,Ground,20,195,
195,Quagsire,Water,Ground,,,
198,Murkrow,Dark,Flying,,430,Dusk Stone
430,Honchkrow,Dark,Flying,,,
200,Misdreavus,Ghost,,,429,Dusk Stone
429,Mismagius,Ghost,,,,
360,Wynaut,Psychic,,15,202,
202,Wobbuffet,Psychic,,,,
204,Pineco,Bug,,31,205,
205,Forretress,Bug,Steel,,,
207,Gligar,Ground,Flying,,472,
472,Gliscor,Ground,Flying,,,
209,Snubbull,Fairy,,23,210,
210,Granbull,Fairy,,,,
215,Sneasel,Dark,Ice,,461,
461,Weavile,Dark,Ice,,,
216,Teddiursa,Normal,,30,217,
217,Ursaring,Normal,,,,
218,Slugma,Fire,,38,219,
219,Magcargo,Fire,Rock,,,
220,Swinub,Ice,Ground,33,221,
221,Piloswine,Ice,Ground,,473,
473,Mamoswine,Ice,Ground,,,
223,Remoraid,Water,,25,224,
224,Octillery,Water,,,,
458,Mantyke,Water,Flying,,226,
226,Mantine,Water,Flying,,,
228,Houndour,Dark,Fire,24,229,
229,Houndoom,Dark,Fire,,,
231,Phanpy,Ground,,25,232,
232,Donphan,Ground,,,,
246,Larvitar,Rock,Ground,30,247,
247,Pupitar,Rock,Ground,55,248,
248,Tyranitar,Rock,Dark,,,
252,Treecko,Grass,,16,253,
253,Grovyle,Grass,,36,254,
254,Sceptile,Grass,,,,
255,Torchic,Fire,,16,256,
256,Combusken,Fire,Fighting,36,257,
257,Blaziken,Fire,Fighting,,,
258,Mudkip,Water,,16,259,
259,Marshtomp,Water,Ground,36,260,
260,Swampert,Water,Ground,,,
261,Poochyena,Dark,,18,262,
262,Mightyena,Dark,,,,
263,Zigzagoon,Normal,,20,264,
264,Linoone,Normal,,,,
263,Zigzagoon,Dark,Normal,,,
264,Linoone,Dark,Normal,,,
862,Obstagoon,Dark,Normal,,,
265,Wurmple,Bug,,"7, random based on personality",266,
266,Silcoon,Bug,,10,267,
267,Beautifly,Bug,Flying,"7, random based on personality",268,
268,Cascoon,Bug,,10,269,
269,Dustox,Bug,Poison,,,
270,Lotad,Water,Grass,14,271,
271,Lombre,Water,Grass,,272,Water Stone
272,Ludicolo,Water,Grass,,,
273,Seedot,Grass,,14,274,
274,Nuzleaf,Grass,Dark,,275,Leaf Stone
275,Shiftry,Grass,Dark,,,
276,Taillow,Normal,Flying,22,277,
277,Swellow,Normal,Flying,,,
278,Wingull,Water,Flying,25,279,
279,Pelipper,Water,Flying,,,
280,Ralts,Psychic,Fairy,20,281,
281,Kirlia,Psychic,Fairy,30,282,
282,Gardevoir,Psychic,Fairy,,475,"Dawn Stone, Male"
475,Gallade,Psychic,Fighting,,,
283,Surskit,Bug,Water,22,284,
284,Masquerain,Bug,Flying,,,
285,Shroomish,Grass,,23,286,
286,Breloom,Grass,Fighting,,,
287,Slakoth,Normal,,18,288,
288,Vigoroth,Normal,,36,289,
289,Slaking,Normal,,,,
290,Nincada,Bug,Ground,20,291,
291,Ninjask,Bug,Flying,"20, empty spot in party, Pokéball in bag",291,
291,Ninjask,Bug,Flying,,292,
292,Shedinja,Bug,Ghost,,,
293,Whismur,Normal,,20,294,
294,Loudred,Normal,,40,295,
295,Exploud,Normal,,,,
296,Makuhita,Fighting,,24,297,
297,Hariyama,Fighting,,,,
299,Nosepass,Rock,,,476,
476,Probopass,Rock,Steel,,,
300,Skitty,Normal,,,301,Moon Stone
301,Delcatty,Normal,,,,
304,Aron,Steel,Rock,32,305,
305,Lairon,Steel,Rock,42,306,
306,Aggron,Steel,Rock,,,
307,Meditite,Fighting,Psychic,37,308,
308,Medicham,Fighting,Psychic,,,
309,Electrike,Electric,,26,310,
310,Manectric,Electric,,,,
406,Budew,Grass,Poison,,315,
315,Roselia,Grass,Poison,,407,Shiny Stone
407,Roserade,Grass,Poison,,,
316,Gulpin,Poison,,26,317,
317,Swalot,Poison,,,,
318,Carvanha,Water,Dark,30,319,
319,Sharpedo,Water,Dark,,,
320,Wailmer,Water,,40,321,
321,Wailord,Water,,,,
322,Numel,Fire,Ground,33,323,
323,Camerupt,Fire,Ground,,,
325,Spoink,Psychic,,32,326,
326,Grumpig,Psychic,,,,
328,Trapinch,Ground,,35,329,
329,Vibrava,Ground,Dragon,45,330,
330,Flygon,Ground,Dragon,,,
331,Cacnea,Grass,,32,332,
332,Cacturne,Grass,Dark,,,
333,Swablu,Normal,Flying,35,334,
334,Altaria,Dragon,Flying,,,
339,Barboach,Water,Ground,30,340,
340,Whiscash,Water,Ground,,,
341,Corphish,Water,,30,342,
342,Crawdaunt,Water,Dark,,,
343,Baltoy,Ground,Psychic,36,344,
344,Claydol,Ground,Psychic,,,
345,Lileep,Rock,Grass,40,346,
346,Cradily,Rock,Grass,,,
347,Anorith,Rock,Bug,40,348,
348,Armaldo,Rock,Bug,,,
349,Feebas,Water,,,350,
350,Milotic,Water,,,,
353,Shuppet,Ghost,,37,354,
354,Banette,Ghost,,,,
355,Duskull,Ghost,,37,356,
356,Dusclops,Ghost,,,477,
477,Dusknoir,Ghost,,,,
433,Chingling,Psychic,,,358,
358,Chimecho,Psychic,,,,
361,Snorunt,Ice,,42,362,
362,Glalie,Ice,,,478,"Dawn Stone, Female"
478,Froslass,Ice,Ghost,,,
363,Spheal,Ice,Water,32,364,
364,Sealeo,Ice,Water,44,365,
365,Walrein,Ice,Water,,,
366,Clamperl,Water,,,367,
367,Huntail,Water,,,368,
368,Gorebyss,Water,,,,
371,Bagon,Dragon,,30,372,
372,Shelgon,Dragon,,50,373,
373,Salamence,Dragon,Flying,,,
374,Beldum,Steel,Psychic,20,375,
375,Metang,Steel,Psychic,45,376,
376,Metagross,Steel,Psychic,,,
387,Turtwig,Grass,,18,388,
388,Grotle,Grass,,32,389,
389,Torterra,Grass,Ground,,,
390,Chimchar,Fire,,14,391,
391,Monferno,Fire,Fighting,36,392,
392,Infernape,Fire,Fighting,,,
393,Piplup,Water,,16,394,
394,Prinplup,Water,,36,395,
395,Empoleon,Water,Steel,,,
396,Starly,Normal,Flying,14,397,
397,Staravia,Normal,Flying,34,398,
398,Staraptor,Normal,Flying,,,
399,Bidoof,Normal,,15,400,
400,Bibarel,Normal,Water,,,
401,Kricketot,Bug,,10,402,
402,Kricketune,Bug,,,,
403,Shinx,Electric,,15,404,
404,Luxio,Electric,,30,405,
405,Luxray,Electric,,,,
408,Cranidos,Rock,,30,409,
409,Rampardos,Rock,,,,
410,Shieldon,Rock,Steel,30,411,
411,Bastiodon,Rock,Steel,,,
412,Burmy,Bug,,"20, Male",414,
414,Mothim,Bug,Flying,,,
412,Burmy,Bug,,"20, Female, in grass",413,
413,Wormadam,Bug,Grass,,,
413,Wormadam,Bug,Ground,,,
413,Wormadam,Bug,Steel,,,
415,Combee,Bug,Flying,"21, Female",416,
416,Vespiquen,Bug,Flying,,,
418,Buizel,Water,,26,419,
419,Floatzel,Water,,,,
420,Cherubi,Grass,,25,421,
421,Cherrim,Grass,,,,
422,Shellos,Water,,30,423,
423,Gastrodon,Water,Ground,,,
425,Drifloon,Ghost,Flying,28,426,
426,Drifblim,Ghost,Flying,,,
427,Buneary,Normal,,,428,
428,Lopunny,Normal,,,,
431,Glameow,Normal,,38,432,
432,Purugly,Normal,,,,
434,Stunky,Poison,Dark,34,435,
435,Skuntank,Poison,Dark,,,
436,Bronzor,Steel,Psychic,33,437,
437,Bronzong,Steel,Psychic,,,
443,Gible,Dragon,Ground,24,444,
444,Gabite,Dragon,Ground,48,445,
445,Garchomp,Dragon,Ground,,,
447,Riolu,Fighting,,,448,
448,Lucario,Fighting,Steel,,,
449,Hippopotas,Ground,,34,450,
450,Hippowdon,Ground,,,,
451,Skorupi,Poison,Bug,40,452,
452,Drapion,Poison,Dark,,,
453,Croagunk,Poison,Fighting,37,454,
454,Toxicroak,Poison,Fighting,,,
456,Finneon,Water,,31,457,
457,Lumineon,Water,,,,
459,Snover,Grass,Ice,40,460,
460,Abomasnow,Grass,Ice,,,
495,Snivy,Grass,,17,496,
496,Servine,Grass,,36,497,
497,Serperior,Grass,,,,
498,Tepig,Fire,,17,499,
499,Pignite,Fire,Fighting,36,500,
500,Emboar,Fire,Fighting,,,
501,Oshawott,Water,,17,502,
502,Dewott,Water,,36,503,
503,Samurott,Water,,,,
504,Patrat,Normal,,20,505,
505,Watchog,Normal,,,,
506,Lillipup,Normal,,16,507,
507,Herdier,Normal,,32,508,
508,Stoutland,Normal,,,,
509,Purrloin,Dark,,20,510,
510,Liepard,Dark,,,,
511,Pansage,Grass,,,512,Leaf Stone
512,Simisage,Grass,,,,
513,Pansear,Fire,,,514,Fire Stone
514,Simisear,Fire,,,,
515,Panpour,Water,,,516,Water Stone
516,Simipour,Water,,,,
517,Munna,Psychic,,,518,Moon Stone
518,Musharna,Psychic,,,,
519,Pidove,Normal,Flying,21,520,
520,Tranquill,Normal,Flying,32,521,
521,Unfezant,Normal,Flying,,,
522,Blitzle,Electric,,27,523,
523,Zebstrika,Electric,,,,
524,Roggenrola,Rock,,25,525,
525,Boldore,Rock,,,526,
526,Gigalith,Rock,,,,
527,Woobat,Psychic,Flying,,528,
528,Swoobat,Psychic,Flying,,,
529,Drilbur,Ground,,31,530,
530,Excadrill,Ground,Steel,,,
532,Timburr,Fighting,,25,533,
533,Gurdurr,Fighting,,,534,
534,Conkeldurr,Fighting,,,,
535,Tympole,Water,,25,536,
536,Palpitoad,Water,Ground,36,537,
537,Seismitoad,Water,Ground,,,
540,Sewaddle,Bug,Grass,20,541,
541,Swadloon,Bug,Grass,,542,
542,Leavanny,Bug,Grass,,,
543,Venipede,Bug,Poison,22,544,
544,Whirlipede,Bug,Poison,30,545,
545,Scolipede,Bug,Poison,,,
546,Cottonee,Grass,Fairy,,547,Sun Stone
547,Whimsicott,Grass,Fairy,,,
548,Petilil,Grass,,,549,Sun Stone
549,Lilligant,Grass,,,,
551,Sandile,Ground,Dark,29,552,
552,Krokorok,Ground,Dark,40,553,
553,Krookodile,Ground,Dark,,,
554,Darumaka,Fire,,35,555,
555,Darmanitan,Fire,,,554,
554,Darumaka,Ice,,,,
555,Darmanitan,Ice,,,,
557,Dwebble,Bug,Rock,34,558,
558,Crustle,Bug,Rock,,,
559,Scraggy,Dark,Fighting,39,560,
560,Scrafty,Dark,Fighting,,,
562,Yamask,Ghost,,34,563,
563,Cofagrigus,Ghost,,,,
562,Yamask,Ground,Ghost,,,
867,Runerigus,Ground,Ghost,,,
564,Tirtouga,Water,Rock,37,565,
565,Carracosta,Water,Rock,,,
566,Archen,Rock,Flying,37,567,
567,Archeops,Rock,Flying,,,
568,Trubbish,Poison,,36,569,
569,Garbodor,Poison,,,,
570,Zorua,Dark,,30,571,
571,Zoroark,Dark,,,,
572,Minccino,Normal,,,573,Shiny Stone
573,Cinccino,Normal,,,,
574,Gothita,Psychic,,32,575,
575,Gothorita,Psychic,,41,576,
576,Gothitelle,Psychic,,,,
577,Solosis,Psychic,,32,578,
578,Duosion,Psychic,,41,579,
579,Reuniclus,Psychic,,,,
580,Ducklett,Water,Flying,35,581,
581,Swanna,Water,Flying,,,
582,Vanillite,Ice,,35,583,
583,Vanillish,Ice,,47,584,
584,Vanilluxe,Ice,,,,
585,Deerling,Normal,Grass,34,586,
586,Sawsbuck,Normal,Grass,,,
588,Karrablast,Bug,,,589,
589,Escavalier,Bug,Steel,,,
590,Foongus,Grass,Poison,39,591,
591,Amoonguss,Grass,Poison,,,
592,Frillish,Water,Ghost,40,593,
593,Jellicent,Water,Ghost,,,
595,Joltik,Bug,Electric,36,596,
596,Galvantula,Bug,Electric,,,
597,Ferroseed,Grass,Steel,40,598,
598,Ferrothorn,Grass,Steel,,,
599,Klink,Steel,,38,600,
600,Klang,Steel,,49,601,
601,Klinklang,Steel,,,,
602,Tynamo,Electric,,39,603,
603,Eelektrik,Electric,,,604,Thunder Stone
604,Eelektross,Electric,,,,
605,Elgyem,Psychic,,42,606,
606,Beheeyem,Psychic,,,,
607,Litwick,Ghost,Fire,41,608,
608,Lampent,Ghost,Fire,,609,Dusk Stone
609,Chandelure,Ghost,Fire,,,
610,Axew,Dragon,,38,611,
611,Fraxure,Dragon,,48,612,
612,Haxorus,Dragon,,,,
613,Cubchoo,Ice,,37,614,
614,Beartic,Ice,,,,
616,Shelmet,Bug,,,617,
617,Accelgor,Bug,,,,
619,Mienfoo,Fighting,,50,620,
620,Mienshao,Fighting,,,,
622,Golett,Ground,Ghost,43,623,
623,Golurk,Ground,Ghost,,,
624,Pawniard,Dark,Steel,52,625,
625,Bisharp,Dark,Steel,,,
627,Rufflet,Normal,Flying,54,628,
628,Braviary,Normal,Flying,,,
629,Vullaby,Dark,Flying,54,630,
630,Mandibuzz,Dark,Flying,,,
633,Deino,Dark,Dragon,50,634,
634,Zweilous,Dark,Dragon,64,635,
635,Hydreigon,Dark,Dragon,,,
636,Larvesta,Bug,Fire,59,637,
637,Volcarona,Bug,Fire,,,
650,Chespin,Grass,,16,651,
651,Quilladin,Grass,,36,652,
652,Chesnaught,Grass,Fighting,,,
653,Fennekin,Fire,,16,654,
654,Braixen,Fire,,36,655,
655,Delphox,Fire,Psychic,,,
656,Froakie,Water,,16,657,
657,Frogadier,Water,,36,658,
658,Greninja,Water,Dark,,,
659,Bunnelby,Normal,,20,660,
660,Diggersby,Normal,Ground,,,
661,Fletchling,Normal,Flying,17,662,
662,Fletchinder,Fire,Flying,35,663,
663,Talonflame,Fire,Flying,,,
664,Scatterbug,Bug,,9,665,
665,Spewpa,Bug,,12,666,
666,Vivillon,Bug,Flying,,,
667,Litleo,Fire,Normal,35,668,
668,Pyroar,Fire,Normal,,,
669,Flabébé,Fairy,,19,670,
670,Floette,Fairy,,,671,Shiny Stone
671,Florges,Fairy,,,,
672,Skiddo,Grass,,32,673,
673,Gogoat,Grass,,,,
674,Pancham,Fighting,,"32, Dark type Pokémon in party",675,
675,Pangoro,Fighting,Dark,,,
677,Espurr,Psychic,,25,678,
678,Meowstic,Male,,,,
679,Honedge,Steel,Ghost,35,680,
680,Doublade,Steel,Ghost,,681,Dusk Stone
681,Aegislash,Steel,Ghost,,,
682,Spritzee,Fairy,,,683,
683,Aromatisse,Fairy,,,,
684,Swirlix,Fairy,,,685,
685,Slurpuff,Fairy,,,,
686,Inkay,Dark,Psychic,"30, holding console upside down",687,
687,Malamar,Dark,Psychic,,,
688,Binacle,Rock,Water,39,689,
689,Barbaracle,Rock,Water,,,
690,Skrelp,Poison,Water,48,691,
691,Dragalge,Poison,Dragon,,,
692,Clauncher,Water,,37,693,
693,Clawitzer,Water,,,,
694,Helioptile,Electric,Normal,,695,Sun Stone
695,Heliolisk,Electric,Normal,,,
696,Tyrunt,Rock,Dragon,"39, Daytime",697,
697,Tyrantrum,Rock,Dragon,,,
698,Amaura,Rock,Ice,"39, Nighttime",699,
699,Aurorus,Rock,Ice,,,
704,Goomy,Dragon,,40,705,
705,Sliggoo,Dragon,,"50, during rain",706,
706,Goodra,Dragon,,,,
708,Phantump,Ghost,Grass,,709,
709,Trevenant,Ghost,Grass,,,
710,Pumpkaboo,Ghost,Grass,,,
711,Gourgeist,Ghost,Grass,,,
712,Bergmite,Ice,,37,713,
713,Avalugg,Ice,,,,
714,Noibat,Flying,Dragon,48,715,
715,Noivern,Flying,Dragon,,,
722,Rowlet,Grass,Flying,17,723,
723,Dartrix,Grass,Flying,34,724,
724,Decidueye,Grass,Ghost,,,
725,Litten,Fire,,17,726,
726,Torracat,Fire,,34,727,
727,Incineroar,Fire,Dark,,,
728,Popplio,Water,,17,729,
729,Brionne,Water,,34,730,
730,Primarina,Water,Fairy,,,
731,Pikipek,Normal,Flying,14,732,
732,Trumbeak,Normal,Flying,28,733,
733,Toucannon,Normal,Flying,,,
734,Yungoos,Normal,,"20, Daytime",735,
735,Gumshoos,Normal,,,,
736,Grubbin,Bug,,20,737,
737,Charjabug,Bug,Electric,,738,"Thunder Stone, in Gen 8, or level up in a Magnetic Field area"
738,Vikavolt,Bug,Electric,,,
739,Crabrawler,Fighting,,,740,
740,Crabominable,Fighting,Ice,,,
742,Cutiefly,Bug,Fairy,25,743,
743,Ribombee,Bug,Fairy,,,
744,Rockruff,Rock,,"25, Daytime, in Pokémon Sun or Ultra Sun",745,
745,Lycanroc,Rock,,,,
745,Lycanroc,Rock,,,744,
744,Rockruff,Rock,,,,
745,Lycanroc,Rock,,,,
747,Mareanie,Poison,Water,38,748,
748,Toxapex,Poison,Water,,,
749,Mudbray,Ground,,30,750,
750,Mudsdale,Ground,,,,
751,Dewpider,Water,Bug,22,752,
752,Araquanid,Water,Bug,,,
753,Fomantis,Grass,,"34, Daytime",754,
754,Lurantis,Grass,,,,
755,Morelull,Grass,Fairy,24,756,
756,Shiinotic,Grass,Fairy,,,
757,Salandit,Poison,Fire,"33, Female",758,
758,Salazzle,Poison,Fire,,,
759,Stufful,Normal,Fighting,27,760,
760,Bewear,Normal,Fighting,,,
761,Bounsweet,Grass,,18,762,
762,Steenee,Grass,,,763,
763,Tsareena,Grass,,,,
767,Wimpod,Bug,Water,30,768,
768,Golisopod,Bug,Water,,,
769,Sandygast,Ghost,Ground,42,770,
770,Palossand,Ghost,Ground,,,
772,Type: Null,Normal,,,773,
773,Silvally,Normal,,,,
782,Jangmo-o,Dragon,,35,783,
783,Hakamo-o,Dragon,Fighting,45,784,
784,Kommo-o,Dragon,Fighting,,,
789,Cosmog,Psychic,,43,790,
790,Cosmoem,Psychic,,"53, in Pokémon Sun or Ultra Sun",791,
791,Solgaleo,Psychic,Steel,"53, in Pokémon Moon or Ultra Moon",792,
792,Lunala,Psychic,Ghost,,,
803,Poipole,Poison,,,804,
804,Naganadel,Poison,Dragon,,,
808,Meltan,Steel,,,809,
809,Melmetal,Steel,,,,
810,Grookey,Grass,,16,811,
811,Thwackey,Grass,,35,812,
812,Rillaboom,Grass,,,,
813,Scorbunny,Fire,,16,814,
814,Raboot,Fire,,35,815,
815,Cinderace,Fire,,,,
816,Sobble,Water,,16,817,
817,Drizzile,Water,,35,818,
818,Inteleon,Water,,,,
824,Blipbug,Bug,,10,825,
825,Dottler,Bug,Psychic,30,826,
826,Orbeetle,Bug,Psychic,,,
821,Rookidee,Flying,,18,822,
822,Corvisquire,Flying,,38,823,
823,Corviknight,Flying,Steel,,,
819,Skwovet,Normal,,24,820,
820,Greedent,Normal,,,,
827,Nickit,Dark,,18,828,
828,Thievul,Dark,,,,
831,Wooloo,Normal,,24,832,
832,Dubwool,Normal,,,,
833,Chewtle,Water,,22,834,
834,Drednaw,Water,Rock,,,
835,Yamper,Electric,,25,836,
836,Boltund,Electric,,,,
829,Gossifleur,Grass,,20,830,
830,Eldegoss,Grass,,,,
850,Sizzlipede,Fire,Bug,28,851,
851,Centiskorch,Fire,Bug,,,
837,Rolycoly,Rock,,18,838,
838,Carkol,Rock,Fire,34,839,
839,Coalossal,Rock,Fire,,,
846,Arrokuda,Water,,26,847,
847,Barraskewda,Water,,,,
868,Milcery,Fairy,,,869,
869,Alcremie,Fairy,,,,
840,Applin,Grass,Dragon,,841,Tart Apple
841,Flapple,Grass,Dragon,,,
840,Applin,Grass,Dragon,,842,Sweet Apple
842,Appletun,Grass,Dragon,,,
083,Farfetch'd,Fighting,,,,
865,Sirfetch'd,Fighting,,,,
222,Corsola,Ghost,,,,
864,Cursola,Ghost,,,,
859,Impidimp,Dark,Fairy,32,860,
860,Morgrem,Dark,Fairy,42,861,
861,Grimmsnarl,Dark,Fairy,,,
856,Hatenna,Psychic,,32,857,
857,Hattrem,Psychic,,42,858,
858,Hatterene,Psychic,Fairy,,,
878,Cufant,Steel,,34,879,
879,Copperajah,Steel,,,,
848,Toxel,Electric,Poison,"30, with a low key Nature",849,
849,Toxtricity,Electric,Poison,,848,
848,Toxel,Electric,Poison,"30, with an amped Nature",849,
849,Toxtricity,Electric,Poison,,,
843,Silicobra,Ground,,36,844,
844,Sandaconda,Ground,,,,
854,Sinistea,Ghost,,,855,Cracked Pot
855,Polteageist,Ghost,,,,
872,Snom,Ice,Bug,,873,
873,Frosmoth,Ice,Bug,,,
852,Clobbopus,Fighting,,,853,
853,Grapploct,Fighting,,,,
885,Dreepy,Dragon,Ghost,50,886,
886,Drakloak,Dragon,Ghost,60,887,
887,Dragapult,Dragon,Ghost,,,
891,Kubfu,Fighting,,,892,
892,Urshifu,Fighting,Dark,,,
892,Urshifu,,,,,
